US-50-EB,2041
I-66-EB,2319
I-66-WB,621
US-29-NB,514
I-66-EB-TZ1-2-3_US-29-NB-TZ4---I-66-EB,352
I-66-EB---I-66-WB,20
I-66-EB-TZ1_US-50-EB-TZ2-3-4---US-50-EB,59
I-66-EB-TZ1-2-3_US-29-NB-TZ4---I-66-EB-TZ1-2-3_US-50-EB-TZ4---I-66-EB,51
I-66-EB-TZ1-2-3_US-50-EB-TZ4---I-66-EB,57
I-66-WB---US-29-SB-TZ4_I-66-WB-TZ3-2-1,145
I-66-EB-TZ1-2_US-29-NB-TZ3-4---I-66-EB-TZ1_US-29-NB-TZ2-3-4,22
I-66-EB-TZ1-2-3_US-29-NB-TZ4---I-66-EB---I-66-WB,6
I-66-WB---US-29-NB-TZ1-2_I-66-EB-TZ3-4---US-29-SB-TZ4_I-66-WB-TZ3-2-1,2
US-50-WB,868
US-29-NB-TZ1_I-66-EB-TZ2-3-4,7
I-66-EB-TZ1-2-3_US-29-NB-TZ4,104
I-66-WB-TZ4-3_US-29-SB-TZ2-1---I-66-WB-TZ4_US-29-SB-TZ3-2-1,4
I-66-EB-TZ1-2-3_US-29-NB-TZ4---I-66-EB---US-50-EB-TZ1_I-66-EB-TZ2-3-4,3
I-66-EB-TZ1-2_US-29-NB-TZ3-4,24
I-66-EB-TZ1_US-50-EB-TZ2-3-4---I-66-WB---US-50-EB,1
I-66-EB-TZ1-2-3_US-29-NB-TZ4---I-66-EB-TZ1-2_US-29-NB-TZ3-4---I-66-EB,4
US-50-EB-TZ1-2_I-66-EB-TZ3-4,10
I-66-WB---US-29-SB-TZ4_I-66-WB-TZ3-2-1---US-50-WB_TZ4_I-66-WB-TZ3-2-1,16
I-66-EB-TZ1-2-3_US-29-NB-TZ4---I-66-EB-TZ1-2-3_US-50-EB-TZ4---I-66-WB---US-29-SB-TZ4_I-66-WB-TZ3-2-1,1
I-66-EB---US-50-EB-TZ1_I-66-EB-TZ2-3-4,2
US-29-NB---US-29-SB,16
I-66-EB-TZ1_US-29-NB-TZ2-3-4,6
I-66-EB-TZ1_US-50-EB-TZ2-3-4---US-50-EB---US-50-WB,5
US-50-EB-TZ1-2-3_I-66-EB-TZ4---US-50-EB,9
US-29-NB-TZ1-2-3_I-66-EB-TZ4---US-29-NB,22
I-66-EB---US-29-NB-TZ1_I-66-EB-TZ2-3-4,4
I-66-EB-TZ1-2_US-50-EB-TZ3-4,6
I-66-EB-TZ1-2-3_US-50-EB-TZ4---I-66-EB-TZ1-2_US-50-EB-TZ3-4,6
I-66-EB-TZ1-2_US-29-NB-TZ3-4---I-66-EB-TZ1-2_US-50-EB-TZ3-4,2
I-66-EB-TZ1-2-3_US-50-EB-TZ4,20
I-66-EB---I-66-WB-TZ4-3-2_US-50-WB-TZ1---I-66-WB,1
I-66-EB-TZ1-2-3_US-29-NB-TZ4---I-66-EB-TZ1-2-3_US-50-EB-TZ4,3
US-50-EB---US-50-WB,25
I-66-EB-TZ1-2-3_US-29-NB-TZ4---I-66-EB-TZ1-2-3_US-50-EB-TZ4---I-66-EB-TZ1-2_US-50-EB-TZ3-4,1
I-66-EB---US-50-WB_TZ4_I-66-WB-TZ3-2-1,2
I-66-WB---US-50-WB_TZ4_I-66-WB-TZ3-2-1,7
I-66-EB---I-66-WB---US-29-SB-TZ4_I-66-WB-TZ3-2-1,4
I-66-EB-TZ1_US-29-NB-TZ2-3-4---US-29-NB,1
US-29-NB-TZ1-2_I-66-EB-TZ3-4,46
I-66-EB-TZ1-2-3_US-29-NB-TZ4---I-66-EB-TZ1-2-3_US-50-EB-TZ4---I-66-EB-TZ1-2_US-50-EB-TZ3-4---I-66-EB,2
I-66-EB-TZ1-2-3_US-29-NB-TZ4---I-66-EB-TZ1-2-3_US-50-EB-TZ4---I-66-EB-TZ1-2_US-50-EB-TZ3-4---I-66-EB---I-66-WB-TZ4-3_US-29-SB-TZ2-1---I-66-WB-TZ4-3_US-50-WB-TZ2-1,1
I-66-EB-TZ1-2-3_US-50-EB-TZ4---I-66-EB-TZ1-2_US-50-EB-TZ3-4---I-66-EB---US-50-EB-TZ1_I-66-EB-TZ2-3-4---US-50-WB,1
US-29-NB-TZ1-2-3_I-66-EB-TZ4---US-29-NB-TZ1-2_I-66-EB-TZ3-4---US-29-NB-TZ1_I-66-EB-TZ2-3-4,1
I-66-EB-TZ1-2-3_US-50-EB-TZ4---I-66-EB-TZ1-2_US-50-EB-TZ3-4---I-66-EB-TZ1_US-50-EB-TZ2-3-4---I-66-EB---I-66-WB-TZ4-3-2_US-50-WB-TZ1---I-66-WB-TZ4-3_US-50-WB-TZ2-1---US-50-EB-TZ1-2-3_I-66-EB-TZ4---US-50-EB-TZ1-2_I-66-EB-TZ3-4---US-50-EB-TZ1_I-66-EB-TZ2-3-4---US-50-EB,1
I-66-WB-TZ4-3_US-29-SB-TZ2-1---I-66-WB-TZ4_US-29-SB-TZ3-2-1---US-29-NB-TZ1-2-3_I-66-EB-TZ4---US-29-NB-TZ1-2_I-66-EB-TZ3-4---US-29-NB-TZ1_I-66-EB-TZ2-3-4---US-29-NB---US-29-SB,1
I-66-EB-TZ1-2-3_US-50-EB-TZ4---I-66-EB-TZ1-2_US-50-EB-TZ3-4---I-66-EB---I-66-WB-TZ4_US-29-SB-TZ3-2-1,1
US-29-SB,215
I-66-WB---US-50-WB_TZ4-3_I-66-WB-TZ2-1---US-50-WB_TZ4_I-66-WB-TZ3-2-1,3
I-66-EB-TZ1-2-3_US-29-NB-TZ4---I-66-WB,3
I-66-WB-TZ4-3-2_US-50-WB-TZ1,2
US-50-EB-TZ1_I-66-EB-TZ2-3-4,4
US-29-NB-TZ1-2_I-66-EB-TZ3-4---US-29-NB-TZ1_I-66-EB-TZ2-3-4,5
I-66-EB-TZ1-2-3_US-50-EB-TZ4---I-66-EB---US-50-WB,1
US-29-SB-TZ4_I-66-WB-TZ3-2-1,22
I-66-EB-TZ1-2-3_US-29-NB-TZ4---I-66-EB---I-66-WB---US-29-SB-TZ4_I-66-WB-TZ3-2-1---US-50-WB_TZ4-3_I-66-WB-TZ2-1---US-50-WB_TZ4_I-66-WB-TZ3-2-1,1
I-66-EB-TZ1-2-3_US-29-NB-TZ4---I-66-EB---I-66-WB-TZ4-3-2_US-50-WB-TZ1,2
I-66-EB-TZ1-2-3_US-29-NB-TZ4---I-66-EB-TZ1-2_US-29-NB-TZ3-4,1
US-29-NB-TZ1_I-66-EB-TZ2-3-4---US-50-EB-TZ1-2-3_I-66-EB-TZ4---US-50-EB-TZ1-2_I-66-EB-TZ3-4---US-50-EB-TZ1_I-66-EB-TZ2-3-4---US-50-EB,1
I-66-WB-TZ4-3-2_US-50-WB-TZ1---I-66-WB---US-29-SB-TZ4_I-66-WB-TZ3-2-1,2
I-66-WB-TZ4-3-2_US-29-SB-TZ1---I-66-WB---US-29-SB-TZ4_I-66-WB-TZ3-2-1,1
I-66-EB-TZ1-2-3_US-50-EB-TZ4---I-66-EB---I-66-WB,2
I-66-EB-TZ1-2-3_US-29-NB-TZ4---I-66-EB-TZ1-2-3_US-50-EB-TZ4---I-66-EB---US-50-WB_TZ4_I-66-WB-TZ3-2-1,1
I-66-WB-TZ4-3-2_US-29-SB-TZ1,3
I-66-WB-TZ4-3-2_US-29-SB-TZ1---I-66-WB-TZ4-3_US-29-SB-TZ2-1---I-66-WB---US-29-SB-TZ4_I-66-WB-TZ3-2-1,1
I-66-EB-TZ1-2-3_US-29-NB-TZ4---I-66-EB---US-29-NB-TZ1-2_I-66-EB-TZ3-4---US-29-NB-TZ1_I-66-EB-TZ2-3-4,2
I-66-WB---US-29-SB-TZ4_I-66-WB-TZ3-2-1---US-50-EB,2
I-66-EB-TZ1-2-3_US-29-NB-TZ4---I-66-EB-TZ1-2_US-29-NB-TZ3-4---I-66-EB-TZ1_US-29-NB-TZ2-3-4---I-66-EB,2
US-50-EB---US-50-WB_TZ4_I-66-WB-TZ3-2-1,1
I-66-WB-TZ4_US-50-WB-TZ3-2-1---US-50-EB-TZ1-2-3_I-66-EB-TZ4---US-50-EB---US-50-WB,1
I-66-EB---US-29-NB-TZ1-2_I-66-EB-TZ3-4---US-29-NB-TZ1_I-66-EB-TZ2-3-4,1
US-50-EB-TZ1-2-3_I-66-EB-TZ4,5
I-66-EB---US-50-WB,1
I-66-EB-TZ1-2-3_US-29-NB-TZ4---I-66-EB---US-29-SB-TZ4_I-66-WB-TZ3-2-1,1
I-66-EB-TZ1-2-3_US-29-NB-TZ4---I-66-EB-TZ1-2-3_US-50-EB-TZ4---I-66-EB---US-50-EB-TZ1-2_I-66-EB-TZ3-4---US-50-EB-TZ1_I-66-EB-TZ2-3-4,1
US-50-EB-TZ1-2-3_I-66-EB-TZ4---US-50-EB-TZ1-2_I-66-EB-TZ3-4---US-50-EB-TZ1_I-66-EB-TZ2-3-4---US-50-EB,1
I-66-EB-TZ1-2-3_US-50-EB-TZ4---I-66-EB---I-66-WB---US-29-SB-TZ4_I-66-WB-TZ3-2-1,1
US-50-EB-TZ1-2_I-66-EB-TZ3-4---US-50-EB-TZ1_I-66-EB-TZ2-3-4,2
I-66-EB---I-66-WB---US-50-EB-TZ1_I-66-EB-TZ2-3-4,1
I-66-WB---US-29-SB-TZ4-3_I-66-WB-TZ2-1---US-29-SB-TZ4_I-66-WB-TZ3-2-1---US-50-WB_TZ4_I-66-WB-TZ3-2-1,1
I-66-EB-TZ1-2-3_US-29-NB-TZ4---I-66-EB-TZ1-2_US-29-NB-TZ3-4---I-66-EB-TZ1_US-29-NB-TZ2-3-4,1
I-66-EB-TZ1-2-3_US-29-NB-TZ4---I-66-EB-TZ1-2-3_US-50-EB-TZ4---I-66-EB---I-66-WB-TZ4-3-2_US-29-SB-TZ1,1
I-66-WB-TZ4_US-50-WB-TZ3-2-1---US-50-EB-TZ1-2_I-66-EB-TZ3-4---US-50-EB-TZ1_I-66-EB-TZ2-3-4---US-50-WB,1
I-66-EB-TZ1-2_US-50-EB-TZ3-4---I-66-EB-TZ1_US-50-EB-TZ2-3-4,1
I-66-WB-TZ4_US-29-SB-TZ3-2-1,3
I-66-EB-TZ1-2-3_US-50-EB-TZ4---I-66-EB-TZ1-2_US-50-EB-TZ3-4---I-66-EB-TZ1_US-50-EB-TZ2-3-4---I-66-EB---I-66-WB---US-29-NB-TZ1_I-66-EB-TZ2-3-4---US-50-EB-TZ1-2-3_I-66-EB-TZ4---US-50-EB-TZ1-2_I-66-EB-TZ3-4---US-50-EB-TZ1_I-66-EB-TZ2-3-4---US-50-EB---US-50-WB_TZ4_I-66-WB-TZ3-2-1,1
I-66-WB-TZ4-3_US-50-WB-TZ2-1---US-50-EB,1
I-66-EB-TZ1-2-3_US-29-NB-TZ4---I-66-EB---US-50-WB,1
I-66-WB---US-50-EB,3
I-66-EB-TZ1-2-3_US-50-EB-TZ4---I-66-EB-TZ1-2_US-50-EB-TZ3-4---I-66-EB-TZ1_US-50-EB-TZ2-3-4---US-50-EB,1
I-66-EB-TZ1-2-3_US-29-NB-TZ4---I-66-EB---I-66-WB---US-29-SB-TZ4_I-66-WB-TZ3-2-1,5
US-29-SB-TZ4-3_I-66-WB-TZ2-1,33
I-66-WB-TZ4_US-50-WB-TZ3-2-1---US-50-EB,1
US-50-WB_TZ4-3_I-66-WB-TZ2-1,20
I-66-WB-TZ4_US-29-SB-TZ3-2-1---US-29-SB,20
US-50-WB_TZ4_I-66-WB-TZ3-2-1,10
I-66-EB-TZ1-2-3_US-50-EB-TZ4---I-66-EB-TZ1-2_US-50-EB-TZ3-4---I-66-EB---I-66-WB---US-50-WB_TZ4_I-66-WB-TZ3-2-1,1
I-66-WB-TZ4-3-2_US-50-WB-TZ1---I-66-WB-TZ4-3_US-50-WB-TZ2-1---I-66-WB,1
I-66-WB-TZ4-3-2_US-29-SB-TZ1---I-66-WB---US-29-NB-TZ1_I-66-EB-TZ2-3-4---US-50-WB_TZ4_I-66-WB-TZ3-2-1,1
I-66-WB-TZ4-3_US-50-WB-TZ2-1,8
I-66-WB-TZ4-3-2_US-29-SB-TZ1---I-66-WB,1
I-66-WB-TZ4_US-50-WB-TZ3-2-1---US-50-WB,24
I-66-WB-TZ4-3_US-29-SB-TZ2-1,16
US-50-WB_TZ4-3-2_I-66-WB-TZ1---US-50-WB,3
I-66-WB-TZ4-3-2_US-50-WB-TZ1---I-66-WB,3
I-66-WB-TZ4_US-50-WB-TZ3-2-1,6
I-66-EB---I-66-WB-TZ4-3_US-50-WB-TZ2-1,1
I-66-WB-TZ4-3-2_US-50-WB-TZ1---I-66-WB-TZ4-3_US-50-WB-TZ2-1---I-66-WB-TZ4_US-50-WB-TZ3-2-1---US-29-NB-TZ1-2-3_I-66-EB-TZ4---US-29-NB-TZ1-2_I-66-EB-TZ3-4---US-29-NB-TZ1_I-66-EB-TZ2-3-4---US-50-WB,1
I-66-WB-TZ4-3_US-50-WB-TZ2-1---I-66-WB-TZ4_US-50-WB-TZ3-2-1,1
US-29-SB-TZ4-3-2_I-66-WB-TZ1,1
I-66-EB-TZ1-2-3_US-29-NB-TZ4---I-66-EB---I-66-WB---US-29-SB-TZ4-3_I-66-WB-TZ2-1---US-29-SB-TZ4_I-66-WB-TZ3-2-1,1
US-29-SB-TZ4-3-2_I-66-WB-TZ1---US-29-SB-TZ4-3_I-66-WB-TZ2-1,4
I-66-WB---US-29-SB-TZ4_I-66-WB-TZ3-2-1---US-50-WB_TZ4-3_I-66-WB-TZ2-1---US-50-WB_TZ4_I-66-WB-TZ3-2-1,2
I-66-EB---I-66-WB---US-29-NB-TZ1_I-66-EB-TZ2-3-4,1
I-66-WB-TZ4_US-50-WB-TZ3-2-1---US-29-NB-TZ1-2-3_I-66-EB-TZ4---US-29-NB---US-50-WB,1
I-66-WB-TZ4_US-50-WB-TZ3-2-1---US-50-EB---US-50-WB,1
I-66-WB---US-29-SB-TZ4-3_I-66-WB-TZ2-1---US-29-SB-TZ4_I-66-WB-TZ3-2-1,1
I-66-WB---US-29-SB-TZ4_I-66-WB-TZ3-2-1---US-50-EB-TZ1-2-3_I-66-EB-TZ4---US-50-EB,1
I-66-WB-TZ4-3-2_US-29-SB-TZ1---I-66-WB-TZ4-3_US-29-SB-TZ2-1---I-66-WB---US-50-WB_TZ4_I-66-WB-TZ3-2-1,1
US-29-SB-TZ4-3_I-66-WB-TZ2-1---US-50-EB,1
I-66-EB-TZ1-2-3_US-50-EB-TZ4---I-66-EB---I-66-WB-TZ4-3-2_US-50-WB-TZ1---I-66-WB---US-50-WB_TZ4_I-66-WB-TZ3-2-1,1
I-66-WB-TZ4-3-2_US-50-WB-TZ1---I-66-WB---US-50-WB_TZ4_I-66-WB-TZ3-2-1,1
I-66-WB-TZ4-3_US-29-SB-TZ2-1---US-29-NB-TZ1-2-3_I-66-EB-TZ4---US-29-NB,1
US-29-NB-TZ1-2-3_I-66-EB-TZ4---US-29-NB-TZ1-2_I-66-EB-TZ3-4---US-29-NB,1
I-66-EB-TZ1-2-3_US-29-NB-TZ4---I-66-EB---US-29-NB-TZ1_I-66-EB-TZ2-3-4,3
I-66-WB---US-50-WB_TZ4-3-2_I-66-WB-TZ1---US-50-WB_TZ4-3_I-66-WB-TZ2-1---US-50-WB_TZ4_I-66-WB-TZ3-2-1,1
US-29-NB-TZ1-2-3_I-66-EB-TZ4,1
I-66-EB---I-66-WB-TZ4-3-2_US-29-SB-TZ1---I-66-WB-TZ4-3_US-29-SB-TZ2-1---I-66-WB---US-29-NB-TZ1-2_I-66-EB-TZ3-4---US-29-NB-TZ1_I-66-EB-TZ2-3-4---US-29-SB-TZ4_I-66-WB-TZ3-2-1---US-50-WB_TZ4_I-66-WB-TZ3-2-1,1
I-66-EB-TZ1-2-3_US-50-EB-TZ4---I-66-EB-TZ1-2_US-50-EB-TZ3-4---I-66-EB,1
I-66-EB-TZ1-2-3_US-50-EB-TZ4---I-66-EB-TZ1-2_US-50-EB-TZ3-4---I-66-EB-TZ1_US-50-EB-TZ2-3-4---I-66-EB---US-50-EB-TZ1-2-3_I-66-EB-TZ4---US-50-EB-TZ1-2_I-66-EB-TZ3-4---US-50-EB-TZ1_I-66-EB-TZ2-3-4---US-50-EB,1
I-66-EB-TZ1_US-50-EB-TZ2-3-4,1
I-66-WB-TZ4-3_US-29-SB-TZ2-1---US-29-NB-TZ1_I-66-EB-TZ2-3-4,1
I-66-WB-TZ4-3-2_US-29-SB-TZ1---I-66-WB---US-29-NB-TZ1-2_I-66-EB-TZ3-4---US-50-WB_TZ4_I-66-WB-TZ3-2-1,1
